facid,encounters,mean_los,median_los,std_los
E,30755,5.157307754836612,5.0,2.0788963444875623
C,4699,4.890402213236859,5.0,2.087004792469931
D,4499,4.827961769282063,4.0,2.0850546123888254
B,30012,3.283953085432494,3.0,2.252290322296317
A,30035,3.2705510238055604,3.0,2.2537879029430012
